{
    "deflections": {
        "AX": 150.0,
        "CDD": 0.0,
        "H1": 0.0,
        "H2": 80.0,
        "L1": 320.0,
        "L2": 650.0
    },
    "gains": {
        "AX": 1.0231302,
        "CDD": 0.0,
        "H1": 1.0,
        "H2": 1.0111684,
        "L1": 1.0182429,
        "L2": 1.0663037
    },
    "settings": [],
    "spectrometer": {}
}